resolution,conversion,implementation,median_ms_per_frame,fps,ns_per_sample,mad_percent,run_seconds
720p,Gray 10→8 shift,odin,0.18329843760511721,5455.583872211263,0.1988915338597192,3.7400586711449186,"[0.03677100001368672, 0.016492500028107315, 0.02531459997408092, 0.023020299966447055, 0.023820800008252263, 0.022584699967410415, 0.023462200013455003, 0.02132020000135526, 0.02384650002932176]"
720p,Gray 10→8 shift,odin_baseline,0.33620546901147463,2974.3716035918205,0.36480628147946464,7.625080488261673,"[0.06482970004435629, 0.05093319999286905, 0.041611600026953965, 0.041361199982929975, 0.044964400003664196, 0.039641099981963634, 0.04303430003346875, 0.03975290001835674, 0.04798610002035275]"
720p,Gray 10→8 shift,fmtconv,0.2020695310420706,4948.791610704542,0.21925947378696897,17.946328651855985,"[0.030609200010076165, 0.021223100018687546, 0.025864899973385036, 0.02482740004779771, 0.053984500002115965, 0.024312699970323592, 0.026755800005048513, 0.019224899995606393, 0.031794400012586266]"
720p,Gray 12→8 shift,odin,0.1313601560468669,7612.6584353570515,0.14253489154390941,9.364164950155548,"[0.022065200028009713, 0.018388600030448288, 0.04022270004497841, 0.010483700025361031, 0.010708199988584965, 0.016814099973998964, 0.015447900048457086, 0.017071500013116747, 0.016390500008128583]"
720p,Gray 12→8 shift,odin_baseline,0.3050976565646124,3277.639072223499,0.3310521447098659,3.7669804091756576,"[0.043142300040926784, 0.04228460002923384, 0.046700800012331456, 0.03758140001446009, 0.0390627000015229, 0.038521200011018664, 0.03691239998443052, 0.03859180002473295, 0.03905250004027039]"
720p,Gray 12→8 shift,fmtconv,0.16522734404134098,6052.26698886955,0.17928314240596896,14.063009493520278,"[0.02412329998333007, 0.019479700014926493, 0.02468059997772798, 0.016770999995060265, 0.015822999994270504, 0.019289400021079928, 0.022784999979194254, 0.021149100037291646, 0.024183199973776937]"
720p,Gray 16→8 shift,odin,0.09766328139448888,10239.262757931763,0.10597144248533949,14.07338676265999,"[0.01411669998196885, 0.014617000008001924, 0.014752699993550777, 0.013944400008767843, 0.012500900018494576, 0.010020799993071705, 0.0107416000100784, 0.009410700004082173, 0.011487899988424033]"
720p,Gray 16→8 shift,odin_baseline,0.2878507812056341,3474.022185423991,0.3123380872456967,4.901899627375487,"[0.03940419998252764, 0.03824769996572286, 0.03490940004121512, 0.035206500033382326, 0.03684489999432117, 0.03865100000984967, 0.03405930002918467, 0.033224500017240644, 0.03793029999360442]"
720p,Gray 16→8 shift,fmtconv,0.12164062536612619,8220.937675962281,0.13198852578789733,3.2780984378948035,"[0.01549750001868233, 0.019769199949223548, 0.016080399975180626, 0.016238700016401708, 0.015311800001654774, 0.015240999986417592, 0.016481499944347888, 0.013696099980734289, 0.015570000046864152]"
720p,RGB 16→8 shift,odin,0.290974218842166,3436.730594137046,0.10524241132890842,8.215128633152743,"[0.041834000032395124, 0.04030440002679825, 0.03724470001179725, 0.03149890003260225, 0.035917899978812784, 0.043692999985069036, 0.03920970001490787, 0.03274920000694692, 0.036434900015592575]"
720p,RGB 16→8 shift,odin_baseline,0.8758890626268112,1141.6970968914457,0.31680015285981306,3.4287482824272977,"[0.11710540001513436, 0.11979409999912605, 0.10979930002940819, 0.1068426999845542, 0.11289099999703467, 0.11518179997801781, 0.11211380001623183, 0.10826970002381131, 0.10535580001305789]"
720p,RGB 16→8 shift,fmtconv,0.40053515613180934,2496.6597430736315,0.14486948644813705,10.188712407768032,"[0.05649210000410676, 0.05803590000141412, 0.05423750000772998, 0.048951199976727366, 0.04531499999575317, 0.051268499984871596, 0.05260589998215437, 0.04229650000343099, 0.04472710000118241]"
720p,YUV420 10→8 shift,odin,0.10197734400207992,9806.099676214397,0.0737683333348379,3.4099180429661464,"[0.012616599968168885, 0.012137099984101951, 0.013176899985410273, 0.037520899961236864, 0.028103900025598705, 0.01305310003226623, 0.01312409999081865, 0.010664300003554672, 0.012608000019099563]"
720p,YUV420 10→8 shift,odin_baseline,0.38274999997156556,2612.671456758432,0.2768735532201718,1.8000897354640621,"[0.04987389995949343, 0.04899199999636039, 0.05171359999803826, 0.04996289999689907, 0.04860960005316883, 0.048892100050579756, 0.04799170000478625, 0.04870159999700263, 0.05144400004064664]"
720p,YUV420 10→8 shift,fmtconv,0.149440624682029,6691.620850272417,0.10810230373410663,3.781288751709103,"[0.020350900012999773, 0.022096299973782152, 0.01936909998767078, 0.019851699995342642, 0.018941399990580976, 0.01813650003168732, 0.019128399959299713, 0.018261899997014552, 0.019043400010559708]"
720p,YUV420 12→8 shift,odin,0.09852499988483032,10149.708207753754,0.07127097792594786,4.246225606214336,"[0.011757000000216067, 0.014857799978926778, 0.012774499948136508, 0.012611199985258281, 0.012075699982233346, 0.01379230001475662, 0.01178920001257211, 0.013104200013913214, 0.012284900003578514]"
720p,YUV420 12→8 shift,odin_baseline,0.4229531250530272,2364.328198011603,0.30595567495155324,5.508330573384768,"[0.05413800000678748, 0.05928019998827949, 0.051155900000594556, 0.0500391999958083, 0.05057129997294396, 0.05230540002230555, 0.05635159998200834, 0.05822140001691878, 0.05433890002314001]"
720p,YUV420 12→8 shift,fmtconv,0.1608874999874388,6215.523269850513,0.11638274015295051,1.248931889591744,"[0.02077050000661984, 0.020593599998392165, 0.01871390000451356, 0.020588900020811707, 0.02033639996079728, 0.022086599958129227, 0.02424339996650815, 0.026637100032530725, 0.02051729999948293]"
720p,YUV420 16→8 shift,odin,0.1023257809720235,9772.708211954974,0.07402038554110496,1.7506886108916362,"[0.014026099990587682, 0.013687899976503104, 0.013287600013427436, 0.013097699964419007, 0.011002600018400699, 0.012973700009752065, 0.012868400022853166, 0.012881500006187707, 0.014021000009961426]"
720p,YUV420 16→8 shift,odin_baseline,0.4226703122185427,2365.9101931032897,0.3057510939080893,3.3777064798418848,"[0.052274399960879236, 0.04968699999153614, 0.054624899988994, 0.057100299978628755, 0.05700509995222092, 0.05358990002423525, 0.05410179996397346, 0.05389640002977103, 0.06546870002057403]"
720p,YUV420 16→8 shift,fmtconv,0.1638656249269843,6102.56117135966,0.11853705506870972,6.7833781867298475,"[0.019132999994326383, 0.02017680002609268, 0.02184469997882843, 0.019502000010106713, 0.02642910002032295, 0.019551999983377755, 0.02229349996196106, 0.022521100006997585, 0.02097479999065399]"
720p,YUV422 16→8 shift,odin,0.13810937480229768,7240.638091595816,0.07492913129464934,11.112682442106204,"[0.015796300023794174, 0.017677999974694103, 0.015804599970579147, 0.02764360001310706, 0.02580179995857179, 0.015713499975390732, 0.014013599953614175, 0.05570530000841245, 0.018612599989864975]"
720p,YUV422 16→8 shift,odin_baseline,0.5333234375939355,1875.0347903543384,0.28934648306962646,2.6687018022778526,"[0.06644360005157068, 0.06826540001202375, 0.06586610001977533, 0.07306359999347478, 0.06912299996474758, 0.0758602999849245, 0.0680358000099659, 0.06687660003080964, 0.07727780001005158]"
720p,YUV422 16→8 shift,fmtconv,0.20024609375468572,4993.855217096339,0.10864045885128348,4.361820473475737,"[0.024316499999258667, 0.025631500000599772, 0.024513499985914677, 0.025708500004839152, 0.026290299952961504, 0.024103700008708984, 0.02375300001585856, 0.025792500004172325, 0.030576699995435774]"
720p,YUV444 16→8 shift,odin,0.17194374959217384,5815.855489785805,0.06219030294855825,7.629221229692961,"[0.02368789998581633, 0.021236800006590784, 0.021277800027746707, 0.022008799947798252, 0.020084100018721074, 0.024166100018192083, 0.023822099959943444, 0.023568300006445497, 0.01950100000249222]"
720p,YUV444 16→8 shift,odin_baseline,0.7757281250633241,1289.1114395502525,0.2805729619007972,2.6640293613170427,"[0.09437510004499927, 0.09597020002547652, 0.09964540001237765, 0.10032399999909103, 0.09885349997784942, 0.1048890000092797, 0.0966480000060983, 0.10276849998626858, 0.09929320000810549]"
720p,YUV444 16→8 shift,fmtconv,0.2722632812037773,3672.915405921165,0.09847485575946806,3.9839655337396915,"[0.032932200003415346, 0.033316300017759204, 0.035110400000121444, 0.036238100030459464, 0.03403659997275099, 0.034229000040795654, 0.038032200012821704, 0.03884480003034696, 0.034849699994083494]"
720p,Gray 16→10 shift,odin,0.07378359396170708,13553.148421029608,0.08006032330914398,10.199803035822601,"[0.010407600027974695, 0.010681499959900975, 0.009532099997159094, 0.00819920003414154, 0.008016099978704005, 0.008859199995640665, 0.009462299989536405, 0.009444300027098507, 0.008344900037627667]"
720p,Gray 16→10 shift,odin_baseline,0.2947187499557913,3393.065423051649,0.3197903102818916,1.4563672795395064,"[0.03717460000189021, 0.0388268000097014, 0.037723999994341284, 0.037503300001844764, 0.03779689996736124, 0.03975870000431314, 0.03791270003421232, 0.03635720000602305, 0.037074899999424815]"
720p,Gray 16→10 shift,fmtconv,0.10722890647230088,9325.84349592633,0.1163508099742848,4.121585253302689,"[0.014290999970398843, 0.016033600026275963, 0.013725300028454512, 0.013947299972642213, 0.014751099981367588, 0.013597700046375394, 0.013232700002845377, 0.012644200003705919, 0.01209129998460412]"
720p,YUV420 16→10 shift,odin,0.10627031269905274,9409.965724217858,0.0768737794408657,7.684560607752235,"[0.010714500036556274, 0.012786700041033328, 0.01360260002547875, 0.014980400039348751, 0.014087999996263534, 0.013735099986661226, 0.012557299982290715, 0.012413300049956888, 0.025094599986914545]"
720p,YUV420 16→10 shift,odin_baseline,0.42499218761804514,2352.984429207282,0.3074306912746276,1.2406477294661575,"[0.05585330002941191, 0.05422819999512285, 0.05439900001510978, 0.05507389997364953, 0.05374709999887273, 0.05311400000937283, 0.05139349994715303, 0.05481489998055622, 0.0580820000031963]"
720p,YUV420 16→10 shift,fmtconv,0.1442179686819145,6933.948724555874,0.10432434077106084,1.4127920894616108,"[0.019630499999038875, 0.018319300026632845, 0.018555200018454343, 0.018945699965115637, 0.019271500001195818, 0.018099999986588955, 0.018199099984485656, 0.018459899991285056, 0.018220299971289933]"
720p,YUV444 16→12 shift,odin,0.22060937499190914,4532.898930685403,0.07979216398723565,20.6523124653695,"[0.017703399993479252, 0.01917049998883158, 0.02240620000520721, 0.029188100015744567, 0.02823799999896437, 0.05440879997331649, 0.03930980002041906, 0.02992959995754063, 0.027253800013568252]"
720p,YUV444 16→12 shift,odin_baseline,0.7921976562101918,1262.3112327596593,0.2865298235713946,1.6615171256088728,"[0.10107590002007782, 0.10224740003468469, 0.09947849996387959, 0.09971650002989918, 0.09837500000139698, 0.12887690000934526, 0.10315330000594258, 0.10245070001110435, 0.10140129999490455]"
720p,YUV444 16→12 shift,fmtconv,0.273732031473628,3653.2078274381356,0.09900608777257958,12.352123586006101,"[0.03075080004055053, 0.031378299987409264, 0.029002900002524257, 0.027475300012156367, 0.035563900019042194, 0.05562189995544031, 0.039365600037854165, 0.039461499953176826, 0.035037700028624386]"
720p,Gray 16→8 full,odin,0.13884062491342775,7202.502874238264,0.15065171974113253,3.0334918115040885,"[0.018782800005283207, 0.017104500031564385, 0.017665999999735504, 0.01777159998891875, 0.017743300006259233, 0.019053100026212633, 0.01777020003646612, 0.01843699999153614, 0.018310700019355863]"
720p,Gray 16→8 full,odin_baseline,0.38031093708923436,2629.4274039385955,0.41266377722356157,2.785549821834263,"[0.048679799947422, 0.0474703999934718, 0.04656799999065697, 0.046641900029499084, 0.04947420000098646, 0.052072999998927116, 0.05003580002812669, 0.052928299992345273, 0.04859080002643168]"
720p,Gray 16→8 full,fmtconv,0.300651562611165,3326.1094381648295,0.3262278240138509,2.3805068948672456,"[0.038402199978008866, 0.038381799997296184, 0.03819590003695339, 0.03848340001422912, 0.036998100054915994, 0.039399500004947186, 0.04149829997913912, 0.04093789996113628, 0.040999499964527786]"
720p,RGB 16→8 full,odin,0.40571171848569065,2464.8043288778454,0.14674179632728973,1.7952633359680494,"[0.04713980003725737, 0.052086299983784556, 0.049370700027793646, 0.051931099966168404, 0.05228910001460463, 0.050998799968510866, 0.05332879995694384, 0.05273950000992045, 0.047296700009610504]"
720p,RGB 16→8 full,odin_baseline,1.1425273437453143,875.2525753317238,0.413240503380105,3.3885266798715477,"[0.14475239999592304, 0.14992449997225776, 0.14019449998158962, 0.14624349999940023, 0.14323280000826344, 0.14066579996142536, 0.1536883999942802, 0.1544380999985151, 0.15119900001445785]"
720p,RGB 16→8 full,fmtconv,0.888560937710281,1125.4152164024727,0.32138344101210975,2.364514944216286,"[0.11674790002871305, 0.11073099996428937, 0.1131916000158526, 0.11258620000444353, 0.11642510001547635, 0.1117136999964714, 0.11817359999986365, 0.11690920003456995, 0.11373580002691597]"
720p,RGB 16→10 full,odin,0.37463203125298605,2669.2859034381604,0.13550059000759043,2.2615941734943372,"[0.048053700011223555, 0.04908119997708127, 0.04682340001454577, 0.049719100003130734, 0.046868400007952005, 0.04758210002910346, 0.047986999968998134, 0.047952900000382215, 0.0462985000340268]"
720p,RGB 16→10 full,odin_baseline,1.1942968749281135,837.3127494453098,0.43196501552666144,2.209720673890107,"[0.14755870000226423, 0.14587639999808744, 0.1405833000317216, 0.15286999999079853, 0.15783869998995215, 0.1522277999902144, 0.15603859996190295, 0.156247999984771, 0.15589400002500042]"
720p,RGB 16→10 full,fmtconv,0.7964062497194391,1255.640573328353,0.28805202897838506,2.65489498243933,"[0.09923360001994297, 0.09903740003937855, 0.10366240004077554, 0.10869069996988401, 0.10410050000064075, 0.10626510001020506, 0.1019399999640882, 0.09928119997493923, 0.09696410002652556]"
720p,RGB 16→12 full,odin,0.3828148437605705,2612.228904648861,0.13846022994812301,2.66508570400756,"[0.04714009998133406, 0.04909759998554364, 0.047044800012372434, 0.0503061999916099, 0.05052750004688278, 0.048390000010840595, 0.05025329999625683, 0.049000300001353025, 0.04744250001385808]"
720p,RGB 16→12 full,odin_baseline,1.168058593520982,856.1214356427205,0.42247489638345703,0.8448848124752849,"[0.1495114999706857, 0.14805600000545382, 0.14824830001452938, 0.14941309997811913, 0.14989539998350665, 0.15314349997788668, 0.1552061999682337, 0.1542634000070393, 0.1484307000064291]"
720p,RGB 16→12 full,fmtconv,0.813646093774878,1229.0355815026908,0.29428750498223305,1.990365522617441,"[0.10414670000318438, 0.11237730004359037, 0.1030641000252217, 0.10048840002855286, 0.1017561000189744, 0.10685740003827959, 0.10335200000554323, 0.106111700006295, 0.10621960001299158]"
1080p,Gray 10→8 shift,odin,0.10283124993293313,9724.67027924102,0.04959068766055803,1.636479749041595,"[0.013500700006261468, 0.013162399991415441, 0.013358499971218407, 0.013446500001009554, 0.01296560000628233, 0.013050299952737987, 0.012946999981068075, 0.015772700018715113, 0.012914899969473481]"
1080p,Gray 10→8 shift,odin_baseline,0.5552484376494249,1800.9956124025769,0.267770272786181,2.508449137416459,"[0.07285459997365251, 0.06814459996530786, 0.07412129995645955, 0.06968400004552677, 0.06918280001264066, 0.07228969997959211, 0.07011599995894358, 0.07107180001912639, 0.07612849998986349]"
1080p,Gray 10→8 shift,fmtconv,0.20034453154949006,4991.401523494917,0.09661676868706118,3.1746094724713205,"[0.02290839998750016, 0.02461109997238964, 0.027380599989555776, 0.02483000000938773, 0.029124599997885525, 0.024845700012519956, 0.025734299968462437, 0.025644100038334727, 0.025764499965589494]"
1080p,Gray 12→8 shift,odin,0.11405468785596895,8767.72378933538,0.05500322523918256,6.002465358976021,"[0.01531819999217987, 0.013377099996432662, 0.013497199979610741, 0.014166799956001341, 0.014599000045564026, 0.016229000000748783, 0.016759700025431812, 0.0154752999660559, 0.014049699995666742]"
1080p,Gray 12→8 shift,odin_baseline,0.5952460937805881,1679.977425217018,0.2870592659049904,4.8151040410361565,"[0.07619150000391528, 0.0740601000143215, 0.07244550000177696, 0.07407719996990636, 0.07452080002985895, 0.08338809997076169, 0.08586150000337511, 0.08875850000185892, 0.07986019999952987]"
1080p,Gray 12→8 shift,fmtconv,0.22189531273397733,4506.629669996074,0.10700969942803691,4.996021614403469,"[0.026983599993400276, 0.027372100041247904, 0.02706599998055026, 0.029149700014386326, 0.026176000013947487, 0.03442759998142719, 0.032342699996661395, 0.03313789999810979, 0.0284026000299491]"
1080p,Gray 16→8 shift,odin,0.10380234380136244,9633.693839453312,0.050059000675811365,3.8602512686113197,"[0.012643299996852875, 0.013227300019934773, 0.012971099989954382, 0.014803200028836727, 0.012773800001014024, 0.013286700006574392, 0.013422699994407594, 0.015717199945356697, 0.01466939999954775]"
1080p,Gray 16→8 shift,odin_baseline,0.6029937499079097,1658.3919819280413,0.29079559698491014,5.024409480707539,"[0.0740057000075467, 0.08569530001841486, 0.07718319998821244, 0.07464649999747053, 0.07321620004950091, 0.07642420002957806, 0.08374489995185286, 0.08689889998640865, 0.08106120000593364]"
1080p,Gray 16→8 shift,fmtconv,0.22967734412304708,4353.934010418812,0.1107626080840312,8.072805821481236,"[0.029398700047750026, 0.027893100050278008, 0.023672299983445555, 0.032547300041187555, 0.024518700025510043, 0.024449800024740398, 0.02953419997356832, 0.0317720000166446, 0.030408999999053776]"
1080p,RGB 16→8 shift,odin,0.5007093750464264,1997.1665198145704,0.08048954717181495,10.924032857591927,"[0.06409080000594258, 0.07780049997381866, 0.057295599952340126, 0.06747700000414625, 0.06814330001361668, 0.08387489995220676, 0.05708949995459989, 0.05325150000862777, 0.05685180000727996]"
1080p,RGB 16→8 shift,odin_baseline,1.6686421872691426,599.2896545643345,0.2682359483135839,2.7490540150009823,"[0.19997499999590218, 0.22646640002494678, 0.20771459996467456, 0.22839679999742657, 0.2100011000293307, 0.21358619997045025, 0.206949400017038, 0.21789709996664897, 0.21627650002483279]"
1080p,RGB 16→8 shift,fmtconv,0.6254453128349269,1598.8608108154917,0.1005409775004705,9.150480372832192,"[0.0727313999668695, 0.0879101000027731, 0.0927693999838084, 0.08005700004287064, 0.08872709999559447, 0.08131259999936447, 0.07572540000546724, 0.07003740000072867, 0.07490850001340732]"
1080p,YUV420 10→8 shift,odin,0.1945953126778477,5138.869925687773,0.06256279342780596,7.405191691865831,"[0.02174270001705736, 0.027340700034983456, 0.024908200022764504, 0.026746899995487183, 0.026752699981443584, 0.025621799984946847, 0.02129790000617504, 0.019800500012934208, 0.023591699951794]"
1080p,YUV420 10→8 shift,odin_baseline,0.8910601563911769,1122.2586857098775,0.28647767373687527,7.944714698387472,"[0.10483829997247085, 0.12448980001499876, 0.11898710002424195, 0.11405570001807064, 0.11992150003788993, 0.11304679996101186, 0.10287860000971705, 0.1037705999915488, 0.12311709998175502]"
1080p,YUV420 10→8 shift,fmtconv,0.3134382809548697,3190.4207646671744,0.10077105226172509,4.852679932862708,"[0.03955889999633655, 0.046204399957787246, 0.04206700000213459, 0.04167920001782477, 0.0411718999966979, 0.04012009996222332, 0.03664180001942441, 0.03492010000627488, 0.035176999983377755]"
1080p,YUV420 12→8 shift,odin,0.24468671881550108,4086.858513779904,0.07866728356979845,3.7637413008005987,"[0.03647720004664734, 0.03131990000838414, 0.031524899997748435, 0.030483199981972575, 0.030141099996399134, 0.028126999968662858, 0.025434200011659414, 0.03227819997118786, 0.034102700010407716]"
1080p,YUV420 12→8 shift,odin_baseline,0.8484132813464385,1178.670845903063,0.27276661565922017,4.370014234848618,"[0.1198801000136882, 0.11427340004593134, 0.1054658999782987, 0.10418800002662465, 0.10922689997823909, 0.10235499998088926, 0.10302249999949709, 0.10859690001234412, 0.11334260000148788]"
1080p,YUV420 12→8 shift,fmtconv,0.35078749988315394,2850.7287184779857,0.11277890299741318,4.855815516478068,"[0.04826790001243353, 0.04708109999774024, 0.044023499998729676, 0.04067710001254454, 0.04078849998768419, 0.03726640000240877, 0.044900799985043705, 0.0470171999768354, 0.04666730004828423]"
1080p,YUV420 16→8 shift,odin,0.2054851561297255,4866.531572571046,0.06606390050466998,2.8568061775271096,"[0.028413899999577552, 0.022306500002741814, 0.025550699967425317, 0.026414299965836108, 0.026980400027241558, 0.02715919999172911, 0.026302099984604865, 0.02615930000320077, 0.024842900049407035]"
1080p,YUV420 16→8 shift,odin_baseline,0.8917015625229396,1121.45143849546,0.2866838871280027,4.148581772660745,"[0.11413780000293627, 0.10010720003629103, 0.11414319998584688, 0.11887289996957406, 0.11790120002115145, 0.12216470000566915, 0.10524539998732507, 0.10853919998044148, 0.11066950001986697]"
1080p,YUV420 16→8 shift,fmtconv,0.30673046876472654,3260.1912813788203,0.09861447684051136,3.4519821170718186,"[0.04225670004962012, 0.03356240002904087, 0.03677319997223094, 0.04061679996084422, 0.04622130002826452, 0.038513500010594726, 0.03824160003568977, 0.03945250000106171, 0.039261500001885]"
1080p,YUV422 16→8 shift,odin,0.2669804684956034,3745.5923485146923,0.0643760774728982,5.11448924085207,"[0.044057499966584146, 0.03277709998656064, 0.06926089996704832, 0.03417349996743724, 0.05591870000353083, 0.03250480000860989, 0.03459960001055151, 0.03106179996393621, 0.032425699988380075]"
1080p,YUV422 16→8 shift,odin_baseline,1.091191405976133,916.4295049642944,0.26311521170334995,1.5428233864591971,"[0.13967249996494502, 0.14057609997689724, 0.14252509997459128, 0.13751759997103363, 0.1489832000224851, 0.13967150001553819, 0.13961550005478784, 0.14281680004205555, 0.13576849998207763]"
1080p,YUV422 16→8 shift,fmtconv,0.4035351562379219,2478.0988336253063,0.09730303728730756,4.910894903550421,"[0.051652499998454005, 0.05466640001395717, 0.052301299991086125, 0.05060089996550232, 0.05456159997265786, 0.049115900008473545, 0.04677239997545257, 0.05530519998865202, 0.04944510001223534]"
1080p,YUV444 16→8 shift,odin,0.48428906256958726,2064.8824788528245,0.07784996504783746,4.751004140838103,"[0.06310020003002137, 0.0624435999779962, 0.07100940000964329, 0.06198900000890717, 0.060659300012048334, 0.06493409996619448, 0.05754070001421496, 0.050043299968820065, 0.05345589999342337]"
1080p,YUV444 16→8 shift,odin_baseline,1.584529687079339,631.1020917779301,0.2547147773725789,1.360271500704044,"[0.20831040001939982, 0.21037830004934222, 0.2000609000097029, 0.20131519995629787, 0.20054719998734072, 0.20838909997837618, 0.2028197999461554, 0.20045760000357404, 0.21621600002981722]"
1080p,YUV444 16→8 shift,fmtconv,0.6591265628230758,1517.1593080954653,0.1059552730875572,6.21608608719328,"[0.08630980004090816, 0.08655209996504709, 0.08961259998613968, 0.0843682000413537, 0.08111339999595657, 0.07647529995301738, 0.11673319997498766, 0.07656239997595549, 0.06966430001193658]"
1080p,Gray 16→10 shift,odin,0.20056796893186402,4985.840986103395,0.09672452205433257,16.405753950628426,"[0.02075730002252385, 0.026827599969692528, 0.02382000000216067, 0.029884500021580607, 0.025672700023278594, 0.03100860002450645, 0.03824660001555458, 0.020718300016596913, 0.025388999958522618]"
1080p,Gray 16→10 shift,odin_baseline,0.6131289064796874,1630.9783952962741,0.29568330752299743,5.176572556050112,"[0.09828830003971234, 0.09018669999204576, 0.07620730000780895, 0.07848050002939999, 0.07380770001327619, 0.08457330003147945, 0.07739769999170676, 0.07441790000302717, 0.08044729998800904]"
1080p,Gray 16→10 shift,fmtconv,0.23055937481331057,4337.277548612907,0.11118797010672771,11.460239458146866,"[0.035184199979994446, 0.03677469998365268, 0.029511599976103753, 0.026629300031345338, 0.027986700006294996, 0.030892500013578683, 0.032893700001295656, 0.025842500035651028, 0.02570589998504147]"
1080p,YUV420 16→10 shift,odin,0.4317312500461412,2316.2557722961337,0.13880248522573985,7.744799268429885,"[0.060488699993584305, 0.0669985999702476, 0.059943499974906445, 0.055261600005906075, 0.05954149999888614, 0.05316280003171414, 0.045323099999222904, 0.05520800000522286, 0.05159519996959716]"
1080p,YUV420 16→10 shift,odin_baseline,1.0220171875516826,978.4571259467501,0.3285806287138897,2.2167404552359926,"[0.13081820000661537, 0.13876370002981275, 0.13535110000520945, 0.12855899997521192, 0.12413770001148805, 0.12376260000746697, 0.13371809996897355, 0.13356729998486117, 0.1300154000055045]"
1080p,YUV420 16→10 shift,fmtconv,0.5012804685975425,1994.8912089029723,0.16116270209540332,5.1547676840490935,"[0.07899280003039166, 0.06416389998048544, 0.07259669998893514, 0.06305510003585368, 0.06745860003866255, 0.051483699993696064, 0.06522099999710917, 0.06085639999946579, 0.05198229994857684]"
1080p,YUV444 16→12 shift,odin,0.6961960939406708,1436.3769183761308,0.11191423835208829,4.545908508561468,"[0.09016920003341511, 0.08745049999561161, 0.09763600002042949, 0.09254649997455999, 0.08506210002815351, 0.08180960000026971, 0.09699449996696785, 0.08911310002440587, 0.07914839999284595]"
1080p,YUV444 16→12 shift,odin_baseline,1.7571289063198492,569.1102095033035,0.28246027943670415,1.8480075512688185,"[0.22365639999043196, 0.21891470003174618, 0.24263709998922423, 0.2159096000250429, 0.22534669999731705, 0.22537599998759106, 0.23310879996279255, 0.220756100025028, 0.2249125000089407]"
1080p,YUV444 16→12 shift,fmtconv,0.7912499995654798,1263.823065464969,0.1271942514733603,3.0141192946125757,"[0.10433269996428862, 0.10319709999021143, 0.10127999994438142, 0.11101180000696331, 0.09998980001546443, 0.09245429997099563, 0.09242939995601773, 0.1022825000109151, 0.09315090003656223]"
1080p,Gray 16→8 full,odin,0.26150390613111085,3824.0346570526085,0.1261110658425496,3.120472141523066,"[0.03351049998309463, 0.03214150003623217, 0.037191799958236516, 0.031495100003667176, 0.03289620002033189, 0.03365779999876395, 0.03451700002187863, 0.03168680000817403, 0.03347249998478219]"
1080p,Gray 16→8 full,odin_baseline,0.7914484376669861,1263.5061899266332,0.3816784518069956,2.3221861664232533,"[0.10835120000410825, 0.10404649999691173, 0.10365790000651032, 0.10053130000596866, 0.09883580001769587, 0.10130540002137423, 0.0996519000036642, 0.09842049999861047, 0.10347999999066815]"
1080p,Gray 16→8 full,fmtconv,0.6180695309012663,1617.9409435404532,0.2980659388991446,1.0876861213519453,"[0.08058449998497963, 0.0783289999817498, 0.07942269998602569, 0.07911289995536208, 0.08006990002468228, 0.0788077000179328, 0.07644209999125451, 0.07779459998710081, 0.0799733999883756]"
1080p,RGB 16→8 full,odin,0.7640804687980562,1308.7626772780347,0.12282672145030482,3.8489892626174576,"[0.10504180000862107, 0.10864729998866096, 0.09829359996365383, 0.09534309996524826, 0.09627000003820285, 0.09334019996458665, 0.10156670003198087, 0.09353779995581135, 0.0978023000061512]"
1080p,RGB 16→8 full,odin_baseline,2.3669023439651937,422.49313857399494,0.3804819868771209,2.558691083818963,"[0.29521159996511415, 0.3138254000223242, 0.3121627999935299, 0.29298229998676106, 0.3029635000275448, 0.29938549996586516, 0.30698300001677126, 0.3035651999525726, 0.28384540003025904]"
1080p,RGB 16→8 full,fmtconv,1.8050453127216315,554.0027128140117,0.29016289106250504,0.4100485939637944,"[0.23188509995816275, 0.23104580002836883, 0.2300983999739401, 0.23179099999833852, 0.22397859999909997, 0.22645509999711066, 0.2382921000244096, 0.23038879997329786, 0.23493810003856197]"
1080p,RGB 16→10 full,odin,0.8858585938469332,1128.8483364567203,0.14240268033804868,4.990391571986506,"[0.1130735999904573, 0.11032819998217747, 0.12073269998654723, 0.10486399999354035, 0.1068997000111267, 0.13862909999443218, 0.11696140002459288, 0.11338990001240745, 0.11904850002611056]"
1080p,RGB 16→10 full,odin_baseline,2.529485156173905,395.3373664040782,0.406617341205939,2.1376941591276295,"[0.3061422999599017, 0.31908210000256076, 0.32374950003577396, 0.3135818999726325, 0.37020260002464056, 0.3532591999974102, 0.3244437000248581, 0.32377409999025986, 0.3306954000145197]"
1080p,RGB 16→10 full,fmtconv,1.6859554689290235,593.1354762502916,0.2710190761524279,1.30207140213751,"[0.21414940000977367, 0.21299239998916164, 0.22403169999597594, 0.21425449999514967, 0.2179063999792561, 0.22052090003853664, 0.22228659997927025, 0.215802300022915, 0.20949879998806864]"
1080p,RGB 16→12 full,odin,0.8340632812178228,1198.9497949602717,0.1340765305455605,3.743252437525846,"[0.11145530000794679, 0.10941800003638491, 0.09753420000197366, 0.1069226999534294, 0.1032446000026539, 0.10676009999588132, 0.11075640004128218, 0.10200730001088232, 0.10256879997905344]"
1080p,RGB 16→12 full,odin_baseline,2.4745640625951637,404.1115827695583,0.3977887189099735,1.6182143102571824,"[0.3140865999739617, 0.3232774999924004, 0.30547780002234504, 0.3218697999836877, 0.31883110001217574, 0.30887389997951686, 0.3176367999985814, 0.30822069995338097, 0.31674420001218095]"
1080p,RGB 16→12 full,fmtconv,1.6852718749760243,593.3760687807281,0.2709091877211973,1.1416462891656225,"[0.2132520999875851, 0.23911329999100417, 0.21695440000621602, 0.2157147999969311, 0.21033460000762716, 0.21597630000906065, 0.2122656999854371, 0.21388970001135021, 0.22065759997349232]"
1440p,Gray 10→8 shift,odin,0.2511039065211662,3982.415143811024,0.06811629408668789,4.605600824639165,"[0.028355699963867664, 0.031054000020958483, 0.032141300034709275, 0.03362160001415759, 0.031326099997386336, 0.034320599981583655, 0.0343639999628067, 0.030575000040698797, 0.032406299957074225]"
1440p,Gray 10→8 shift,odin_baseline,0.946680469041894,1056.3226270127545,0.2568035126524235,1.9549396295738226,"[0.12316900002770126, 0.12635540001792833, 0.1188061999855563, 0.12045609997585416, 0.11417949997121468, 0.12117510003736243, 0.1286435999791138, 0.11958009999943897, 0.12979939999058843]"
1440p,Gray 10→8 shift,fmtconv,0.32819765647218446,3046.944365017891,0.08902931219406046,4.115993387460746,"[0.04007260000798851, 0.04330139997182414, 0.04397130000870675, 0.04028020001715049, 0.041891900007613, 0.047892000002320856, 0.042018999985884875, 0.04200930002843961, 0.04017359996214509]"
1440p,Gray 12→8 shift,odin,0.24811406274238834,4030.404358975328,0.06730524705468434,3.4167123108035207,"[0.030754099949263036, 0.03240910003660247, 0.03175860003102571, 0.03368540003430098, 0.02904100000159815, 0.030919000040739775, 0.02964109997265041, 0.032843700028024614, 0.03514660004293546]"
1440p,Gray 12→8 shift,odin_baseline,0.953100781316607,1049.206987973094,0.25854513382069416,3.33885532431391,"[0.11780389997875318, 0.12567189999390393, 0.11803880002116784, 0.13071940001100302, 0.12493249995168298, 0.1219969000085257, 0.11542309995274991, 0.11792360001709312, 0.13577500003157184]"
1440p,Gray 12→8 shift,fmtconv,0.35741562487601186,2797.8631330034937,0.09695519337999453,2.141676817168172,"[0.04476939997402951, 0.04617759998654947, 0.04574919998412952, 0.044390900002326816, 0.04204510001000017, 0.04123139998409897, 0.0462546999915503, 0.04603089997544885, 0.049114499997813255]"
1440p,Gray 16→8 shift,odin,0.23277265654542134,4296.037235820558,0.06314362427989945,5.3559499296001425,"[0.03214359999401495, 0.02971060003619641, 0.028864299994893372, 0.03139069996541366, 0.02896259998669848, 0.028198299987707287, 0.02979490003781393, 0.03301039995858446, 0.03209049999713898]"
1440p,Gray 16→8 shift,odin_baseline,0.9658039061832824,1035.4068704814579,0.26199107698114216,2.280402777959251,"[0.12606780003989115, 0.12272090004989877, 0.12362289999146014, 0.12318699999013916, 0.11791120003908873, 0.11769169999752194, 0.13107689999742433, 0.1264420000370592, 0.12727990001440048]"
1440p,Gray 16→8 shift,fmtconv,0.32430234386993106,3083.5423144554056,0.08797264102374432,4.120624285888459,"[0.03924489999189973, 0.04157110000960529, 0.03997549996711314, 0.039076900051441044, 0.04099599999608472, 0.041510700015351176, 0.04322120000142604, 0.046965899993665516, 0.045471400022506714]"
1440p,RGB 16→8 shift,odin,1.1160328126607055,896.0310025436665,0.10091442533462687,4.100251877437185,"[0.12995100003900006, 0.14870950003387406, 0.1309264000155963, 0.1428522000205703, 0.1391345000010915, 0.14404330000979826, 0.13964670000132173, 0.15227540000341833, 0.17410569998901337]"
1440p,RGB 16→8 shift,odin_baseline,2.8163507813587785,355.0694063463001,0.2546613481408039,1.392537839257657,"[0.38390429998980835, 0.35180940001737326, 0.3644192999927327, 0.3580574000370689, 0.3554728999733925, 0.37357960001099855, 0.3707849000347778, 0.35699629998998716, 0.36049290001392365]"
1440p,RGB 16→8 shift,fmtconv,1.2569523437377939,795.5751106890053,0.11365671510939253,1.878613862400213,"[0.17135009996127337, 0.16268880001734942, 0.1608898999984376, 0.14696310000726953, 0.15589190000901, 0.16299489996163175, 0.15497219999087974, 0.1639123999630101, 0.16008190001593903]"
1440p,YUV420 10→8 shift,odin,0.42528750009296346,2351.3505564621823,0.07691107857583974,6.065014831107082,"[0.05443680001189932, 0.06507260003127158, 0.05584300000919029, 0.04982760001439601, 0.0479295999975875, 0.05558529996778816, 0.05773840000620112, 0.05440490000182763, 0.04557299998123199]"
1440p,YUV420 10→8 shift,odin_baseline,1.4837109374639113,673.9857304747566,0.2683215671050187,1.8751020147376312,"[0.18635390000417829, 0.19521640002494678, 0.19071129994699731, 0.19273200002498925, 0.18049659999087453, 0.19543909997446463, 0.18991499999538064, 0.18728680000640452, 0.18628150003496557]"
1440p,YUV420 10→8 shift,fmtconv,0.5836953123434796,1713.222598936246,0.10555832471489432,8.668103292371864,"[0.07543190004071221, 0.08321780001278967, 0.08290039998246357, 0.08620700001483783, 0.06879610003670678, 0.07360549998702481, 0.07471299997996539, 0.06823679996887222, 0.06699540000408888]"
1440p,YUV420 12→8 shift,odin,0.4152828123551444,2407.997562742407,0.07510178174825384,5.79029347476946,"[0.05623409996042028, 0.053156199981458485, 0.04464969999389723, 0.09489249996840954, 0.0575799000216648, 0.045654899964574724, 0.05125140002928674, 0.05545439996058121, 0.051313200034201145]"
1440p,YUV420 12→8 shift,odin_baseline,1.5450031246473372,647.2478819279154,0.27940594702100285,4.295854965882287,"[0.20647900004405528, 0.19507439999142662, 0.19319739995989949, 0.21560920000774786, 0.21253389999037609, 0.19776039995485917, 0.21125600003870204, 0.18926489999284968, 0.1898403000086546]"
1440p,YUV420 12→8 shift,fmtconv,0.591035156048747,1691.9467306907927,0.10688569807015824,5.906083778547019,"[0.07565249997423962, 0.08012060000328347, 0.06328549998579547, 0.08716220001224428, 0.08199460001196712, 0.07175719999941066, 0.07544699998106807, 0.06877569999778643, 0.07615530001930892]"
1440p,YUV420 16→8 shift,odin,0.34464765622033156,2901.514001188231,0.06232777347734584,6.349328740251377,"[0.04411489999620244, 0.06848999997600913, 0.05446219997247681, 0.04592340003000572, 0.04074309999123216, 0.04215140000451356, 0.04168299998855218, 0.046915900020394474, 0.04125110001768917]"
1440p,YUV420 16→8 shift,odin_baseline,1.4729148438163975,678.9258755848703,0.26636914854897237,2.3360354271692754,"[0.18033260002266616, 0.19873979996191338, 0.19044639996718615, 0.17662829998880625, 0.1905888000037521, 0.18412890000035986, 0.18853310000849888, 0.18649619998177513, 0.214077599986922]"
1440p,YUV420 16→8 shift,fmtconv,0.5202031247790728,1922.3260152939183,0.09407608593371543,9.832997888368622,"[0.07430909998947755, 0.09727529995143414, 0.08865979994880036, 0.06658599997172132, 0.0645170999923721, 0.06003860000055283, 0.07626709999749437, 0.06352460000198334, 0.06614249997073784]"
1440p,YUV422 16→8 shift,odin,0.7616929688083474,1312.8649481489622,0.10331122081276413,21.298054211676604,"[0.10059129999717698, 0.07382940000388771, 0.06517259997781366, 0.1182616000296548, 0.09749670000746846, 0.13098379998700693, 0.11936800001421943, 0.09477080003125593, 0.07794240000657737]"
1440p,YUV422 16→8 shift,odin_baseline,1.9820695310954761,504.52316849213,0.2688353856195036,5.7495144997247065,"[0.25370489998022094, 0.2486825999803841, 0.25141199998324737, 0.2813585000112653, 0.26873069995781407, 0.2651518000056967, 0.28250289999414235, 0.23911809996934608, 0.23550100001739338]"
1440p,YUV422 16→8 shift,fmtconv,0.8719335937712458,1146.876329967799,0.1182635625232267,13.925766645991992,"[0.11882020003395155, 0.0937687000259757, 0.08547360001830384, 0.1312809999799356, 0.11160750000271946, 0.16735410003457218, 0.11987759999465197, 0.09606529999291524, 0.1002957999589853]"
1440p,YUV444 16→8 shift,odin,1.1152874999424967,896.6297928126687,0.10084703232986986,0.5767851222421041,"[0.14760150003712624, 0.14208590000635013, 0.1434222999960184, 0.14275679999263957, 0.15473210002528504, 0.14198190002935007, 0.1686807000078261, 0.1419334000092931, 0.1355703000444919]"
1440p,YUV444 16→8 shift,odin_baseline,2.8312960935181763,353.19513288961497,0.2560127399376244,0.7270301171828362,"[0.38063480000710115, 0.3619344999897294, 0.35814419999951497, 0.36504070000955835, 0.3524203000124544, 0.3727763000060804, 0.3628474999568425, 0.3624058999703266, 0.3615990999969654]"
1440p,YUV444 16→8 shift,fmtconv,1.281561718769808,780.2979640808219,0.11588195518390192,2.104853782289717,"[0.1674547999864444, 0.1616478000069037, 0.1605870999628678, 0.16563000000314787, 0.16793310001958162, 0.20723960001487285, 0.14861420000670478, 0.16403990000253543, 0.15562620002310723]"
1440p,Gray 16→10 shift,odin,0.35604765616881195,2808.612787288993,0.09658410811870984,2.4507340936273754,"[0.049265699984971434, 0.04193950002081692, 0.04557580000255257, 0.04557409998960793, 0.04470179998315871, 0.08179580001160502, 0.044401599967386574, 0.04491950001101941, 0.04669099999591708]"
1440p,Gray 16→10 shift,odin_baseline,1.0302203127139364,970.6661649542453,0.2794651455929732,0.41935808750005726,"[0.13161899999249727, 0.13144110003486276, 0.1338818000513129, 0.1358079999918118, 0.12989789998391643, 0.13242119998903945, 0.13186820002738386, 0.1435541000100784, 0.13158190000103787]"
1440p,Gray 16→10 shift,fmtconv,0.4200890625725151,2380.447598126603,0.11395645143568661,4.327765362547569,"[0.051260100037325174, 0.04961600003298372, 0.05656620004447177, 0.05740290001267567, 0.05144429998472333, 0.05497080000350252, 0.05225319997407496, 0.05436270002974197, 0.05377140000928193]"
1440p,YUV420 16→10 shift,odin,0.6126539060460345,1632.2429190957619,0.1107953389116816,3.209397657316171,"[0.07841969997389242, 0.08519249997334555, 0.07561360002728179, 0.07590289996005595, 0.07970549998572096, 0.07390679995296523, 0.0742451999685727, 0.07995049998862669, 0.08069000003160909]"
1440p,YUV420 16→10 shift,odin_baseline,1.5175546877799206,658.9548357317732,0.2744420369972368,1.3972931386521454,"[0.19424700003582984, 0.19315039995126426, 0.19322710001142696, 0.1925863999640569, 0.19153280003229156, 0.19746899994788691, 0.19744439999340102, 0.19866769999498501, 0.19836330000543967]"
1440p,YUV420 16→10 shift,fmtconv,0.6905539062245225,1448.112871401043,0.12488315723099727,2.659210425735552,"[0.0859259000280872, 0.0886311000213027, 0.08646540000336245, 0.0916880999575369, 0.08600329997716472, 0.0845594999846071, 0.09074140002485365, 0.08839089999673888, 0.08931120001943782]"
1440p,YUV444 16→12 shift,odin,1.455471875033254,687.0624002797391,0.13160733823723725,2.111052885557813,"[0.18775459995958954, 0.18687690002843738, 0.18630040000425652, 0.1894556999905035, 0.1823675000341609, 0.17900170001666993, 0.1752756999921985, 0.19843679998302832, 0.1821697000414133]"
1440p,YUV444 16→12 shift,odin_baseline,3.051571874948422,327.69996610907356,0.27593061658604806,1.6069074919733741,"[0.3881078999838792, 0.38248979998752475, 0.3925050999969244, 0.39376040000934154, 0.3843246000469662, 0.41307140002027154, 0.39060119999339804, 0.3764994000084698, 0.4142718999646604]"
1440p,YUV444 16→12 shift,fmtconv,1.5721117188149947,636.0871101156645,0.1421541991115989,2.6727585426166756,"[0.2217969000339508, 0.21112130000256002, 0.2047135000466369, 0.19491340004606172, 0.1958518999745138, 0.19170989998383448, 0.2027006999705918, 0.20123030000831932, 0.19707400002516806]"
1440p,Gray 16→8 full,odin,0.4517570314419572,2213.5792702730346,0.12254693778264898,1.7357573620175224,"[0.05882859998382628, 0.059226399986073375, 0.05741360003594309, 0.05681649997131899, 0.057824900024570525, 0.05751100002089515, 0.05629360000602901, 0.058519800018984824, 0.05965100001776591]"
1440p,Gray 16→8 full,odin_baseline,1.3516289063773002,739.8480420785372,0.36665280663446725,2.052500328236387,"[0.177272200002335, 0.19011059997137636, 0.1816285999957472, 0.16945749998558313, 0.1679028000216931, 0.1714843999943696, 0.1698564999969676, 0.17300850001629442, 0.17471809999551624]"
1440p,Gray 16→8 full,fmtconv,1.0529078126637614,949.7507644758476,0.2856195238345707,0.9939735448603698,"[0.1398104999680072, 0.1370007999939844, 0.13303209998412058, 0.13477220002096146, 0.13685619999887422, 0.13601120002567768, 0.1335630000103265, 0.1334326000069268, 0.13465920003363863]"
1440p,RGB 16→8 full,odin,1.5140101563702046,660.4975506884782,0.13690051327132202,1.5099593163252003,"[0.19279860000824556, 0.19939850002992898, 0.1937933000153862, 0.20477219996973872, 0.1916821000049822, 0.19671950000338256, 0.189946600003168, 0.22304660000372678, 0.19173550000414252]"
1440p,RGB 16→8 full,odin_baseline,4.176602343704872,239.42906642937572,0.37765863206243416,3.248416445558939,"[0.5346050999942236, 0.5689052999950945, 0.5172389000072144, 0.5037631000159308, 0.5405238000093959, 0.555281599983573, 0.5493599000037648, 0.5095946999499574, 0.5211158000165597]"
1440p,RGB 16→8 full,fmtconv,3.14930390641166,317.53048601124283,0.2847677866764015,2.626076344964388,"[0.4031109000206925, 0.41954339999938384, 0.39654869999503717, 0.3989318000385538, 0.39252490003127605, 0.44541370001388714, 0.3992020000005141, 0.43438250001054257, 0.43033429997740313]"
1440p,RGB 16→10 full,odin,1.7022820311467513,587.4467225189146,0.15392451815201383,7.387968628616582,"[0.21789209998678416, 0.19758610002463683, 0.23398989997804165, 0.22948099998757243, 0.21054430003277957, 0.1952439000015147, 0.24940869997953996, 0.20657719997689128, 0.2481061999569647]"
1440p,RGB 16→10 full,odin_baseline,4.4341195311972115,225.52391584491187,0.4009439680263682,1.1342972032696426,"[0.563617300009355, 0.5675672999932431, 0.5900114999967627, 0.6326241999631748, 0.5600407000165433, 0.5740052000037394, 0.5640300000086427, 0.5810356000438333, 0.5647546999971382]"
1440p,RGB 16→10 full,fmtconv,2.9678679684366216,336.9422126034697,0.2683619039746656,0.819506626322355,"[0.3758294000290334, 0.3808642000076361, 0.37677390000317246, 0.41263639996759593, 0.36988720000954345, 0.37988709995988756, 0.3810175999533385, 0.3783300999784842, 0.39540039998246357]"
1440p,RGB 16→12 full,odin,1.7076999997698294,585.5829479034866,0.15441442416900222,5.265397162056393,"[0.2228461000486277, 0.2070761999930255, 0.21682420000433922, 0.23515249998308718, 0.22290670004440472, 0.20288860000437126, 0.23193209996679798, 0.21858559997053817, 0.20344469998963177]"
1440p,RGB 16→12 full,odin_baseline,4.347252343904984,230.03035501310126,0.3930892238050658,0.7693437110336008,"[0.5564375999965705, 0.5543761000153609, 0.568683699995745, 0.5618097999831662, 0.5521673000184819, 0.5452354999724776, 0.5633938999962993, 0.5564483000198379, 0.5585047999629751]"
1440p,RGB 16→12 full,fmtconv,2.969921874864667,336.70919375465655,0.2685476232335673,1.021333682682398,"[0.3832304000388831, 0.3864578999928199, 0.38202299998374656, 0.3721245000488125, 0.3749625000054948, 0.3840325999772176, 0.37195830000564456, 0.3801499999826774, 0.3787993000005372]"
2160p,Gray 10→8 shift,odin,0.6995531252869114,1429.4840003607515,0.08434041344604931,8.838008205464714,"[0.08398429997032508, 0.08162900002207607, 0.07194169994909316, 0.10001670004567131, 0.08954280003672466, 0.11750769999343902, 0.09331460000248626, 0.1058634000364691, 0.08208179997745901]"
2160p,Gray 10→8 shift,odin_baseline,2.1740171873716463,459.9779642078105,0.26210662463489176,2.3697489880127964,"[0.2710355999879539, 0.27539289998821914, 0.27929089998360723, 0.2782741999835707, 0.2797279999940656, 0.26526950002880767, 0.2848686000215821, 0.2868043999769725, 0.2633769999956712]"
2160p,Gray 10→8 shift,fmtconv,0.9548187499603955,1047.3191902038775,0.1151160722849628,3.1926052926000845,"[0.11877850000746548, 0.10992070002248511, 0.10020039998926222, 0.12371139996685088, 0.12611870002001524, 0.1272593999747187, 0.12221679999493062, 0.12355519999982789, 0.1157789999851957]"
2160p,Gray 12→8 shift,odin,0.7626414062542608,1311.2322407349136,0.09194654299940451,7.089771283374058,"[0.10728749999543652, 0.09069719997933134, 0.07725670002400875, 0.10411569999996573, 0.10931069997604936, 0.08466819999739528, 0.09165419999044389, 0.10302119998959824, 0.09761810000054538]"
2160p,Gray 12→8 shift,odin_baseline,2.224603124886926,449.5183832176038,0.2682054307589368,3.0274712071771672,"[0.2847491999855265, 0.29336990002775565, 0.2740677000256255, 0.2877769999904558, 0.2815746000269428, 0.2717043000156991, 0.3510950999916531, 0.30202509998343885, 0.2762601000140421]"
2160p,Gray 12→8 shift,fmtconv,0.9330242187388649,1071.7835399296107,0.11248845229779911,9.038568302805896,"[0.10964070004411042, 0.10450620000483468, 0.12583360000280663, 0.1194270999985747, 0.13215200003469363, 0.10350389999803156, 0.15122279996285215, 0.13022160000400618, 0.11469660000875592]"
2160p,Gray 16→8 shift,odin,0.7736039060546318,1292.651177396434,0.09326821784030573,10.375343429214354,"[0.10026639996794984, 0.0864902000175789, 0.0858066999935545, 0.10382670001126826, 0.10840199998347089, 0.11096930003259331, 0.08874750003451481, 0.09902129997499287, 0.08677279995754361]"
2160p,Gray 16→8 shift,odin_baseline,2.1776023436359537,459.22066667612734,0.26253886280333166,2.1631087174562995,"[0.27749509998830035, 0.27453309996053576, 0.2915713000111282, 0.28133960004197434, 0.2894742999924347, 0.2787330999854021, 0.27270380000118166, 0.26472380000632256, 0.2864324999973178]"
2160p,Gray 16→8 shift,fmtconv,0.9216968751388777,1084.955397998202,0.11112279069479139,6.366314872604273,"[0.12943309999536723, 0.10561430000234395, 0.10389309999300167, 0.11797720001777634, 0.12391080002998933, 0.13173530000494793, 0.11514270002953708, 0.11046639998676255, 0.11804799997480586]"
2160p,RGB 16→8 shift,odin,2.602564843982691,384.2363437407021,0.10459124405151632,4.6347608542550915,"[0.33312830002978444, 0.31768859998555854, 0.32072239997796714, 0.317308800003957, 0.3503558000084013, 0.37773240002570674, 0.35192569997161627, 0.34274350001942366, 0.3264014999731444]"
2160p,RGB 16→8 shift,odin_baseline,6.401375781479146,156.21641880379238,0.25725693566258145,0.7629707516092232,"[0.7906640999717638, 0.8202430999954231, 0.8193761000293307, 0.8463507000124082, 0.8256277000182308, 0.8435027000377886, 0.8186375999939628, 0.8133820999646559, 0.7955915999482386]"
2160p,RGB 16→8 shift,fmtconv,2.984503906191094,335.06406137569024,0.11994051834937201,3.4677036193729,"[0.3705971000017598, 0.37530239997431636, 0.3565045999712311, 0.3988664000062272, 0.4015291000250727, 0.38201649999246, 0.3963590000057593, 0.3825590999913402, 0.3687692999956198]"
2160p,YUV420 10→8 shift,odin,1.2704578125521948,787.1178327370997,0.10211370021156402,3.665693866964587,"[0.17335449997335672, 0.1484179000253789, 0.1511008000234142, 0.16261860000668094, 0.15665749995969236, 0.16122369997901842, 0.16368070000316948, 0.18541069998173043, 0.16273270000237972]"
2160p,YUV420 10→8 shift,odin_baseline,3.152392968786444,317.2193346139087,0.2533752064675318,1.2139835354828805,"[0.39299659995594993, 0.40748829999938607, 0.40140680002514273, 0.4107918000081554, 0.4084048000513576, 0.3927261999924667, 0.4051352000096813, 0.3950741000007838, 0.4035063000046648]"
2160p,YUV420 10→8 shift,fmtconv,1.4696523435304698,680.4330319358058,0.11812406310526538,2.1322007179194347,"[0.19212650001281872, 0.18614080001134425, 0.1772604000288993, 0.16655560000799596, 0.19143439998151734, 0.18811549997190014, 0.18141419999301434, 0.1888821999891661, 0.19818050001049414]"
2160p,YUV420 12→8 shift,odin,1.1848703124996973,843.9742218625765,0.09523456086835273,4.383918589837906,"[0.16605310002341866, 0.14518829999724403, 0.15831219998653978, 0.1532219999935478, 0.14244570001028478, 0.13764400000218302, 0.1508613999467343, 0.15166339999996126, 0.20330120000289753]"
2160p,YUV420 12→8 shift,odin_baseline,3.2991335933729715,303.1098837612147,0.26516955965253436,6.369356897892235,"[0.39539200003491715, 0.424375600006897, 0.42228909995174035, 0.41818800003966317, 0.3933501999708824, 0.3837375000002794, 0.45805810001911595, 0.4876409999560565, 0.43533360003493726]"
2160p,YUV420 12→8 shift,fmtconv,1.4732953127349901,678.7505473995053,0.11841686862903406,3.2477153514392647,"[0.18771640001796186, 0.18245719996048138, 0.1915535000152886, 0.1956662000156939, 0.17670560005353764, 0.1778018000186421, 0.23510170000372455, 0.1944068999728188, 0.18858180003007874]"
2160p,YUV420 16→8 shift,odin,1.1884523437402095,841.4304580803583,0.09552246847191756,1.5541483613059524,"[0.15156710002338514, 0.1925213999929838, 0.1497576999827288, 0.15639120002742857, 0.1515981000266038, 0.15995100000873208, 0.1706891999929212, 0.1521218999987468, 0.15116889995988458]"
2160p,YUV420 16→8 shift,odin_baseline,3.2160960936380434,310.9359829074017,0.2584953778965763,3.0286379325278774,"[0.41116999997757375, 0.3991925999871455, 0.4396563000045717, 0.4650361000094563, 0.4008288999903016, 0.4087362000136636, 0.4292083000182174, 0.4557097000069916, 0.41166029998566955]"
2160p,YUV420 16→8 shift,fmtconv,1.3904390625611995,719.1972858975871,0.11175725489978777,2.782450681018238,"[0.1941274999990128, 0.20016560005024076, 0.1760638999985531, 0.1829282999970019, 0.17249309999169782, 0.17797620000783354, 0.17422830004943535, 0.1897673000348732, 0.17333650001091883]"
2160p,YUV422 16→8 shift,odin,1.6938789062805881,590.3609734392381,0.10210979132189116,2.3863497430817424,"[0.21541089995298535, 0.213655200030189, 0.22323790000518784, 0.21164250001311302, 0.20969950000289828, 0.21867259999271482, 0.23244180000619963, 0.22317720000864938, 0.21681650000391528]"
2160p,YUV422 16→8 shift,odin_baseline,4.185865625004226,238.89921215495073,0.2523308271245796,0.8563230297078358,"[0.5321619999594986, 0.5609380999812856, 0.522790500021074, 0.5398297000210732, 0.5357908000005409, 0.5403789000120014, 0.5221568000270054, 0.5367581000318751, 0.5311092000338249]"
2160p,YUV422 16→8 shift,fmtconv,1.923492187870579,519.8877366416859,0.11595125553810878,1.7626631415022667,"[0.25626569997984916, 0.24002470000414178, 0.24835759995039552, 0.24620700004743412, 0.24670530000003055, 0.24944699998013675, 0.23461759998463094, 0.2396996000315994, 0.24186720000579953]"
2160p,YUV444 16→8 shift,odin,2.6095437501680863,383.208750547136,0.10487171063882804,0.9572434708908727,"[0.3130593000096269, 0.33567579998634756, 0.3372189999790862, 0.3316032000002451, 0.340918000030797, 0.33402160002151504, 0.326060299994424, 0.3276013999711722, 0.3343702999991365]"
2160p,YUV444 16→8 shift,odin_baseline,6.25103906259028,159.9734044192045,0.2512152401053836,0.8060409933791738,"[0.8117624999722466, 0.7941639999626204, 0.8001330000115559, 0.8065823999932036, 0.7989770999993198, 0.7924607000313699, 0.796894200029783, 0.8244917000411078, 0.8551781999995001]"
2160p,YUV444 16→8 shift,fmtconv,2.919542187555635,342.5194553661314,0.11732985257344855,1.6808339444541116,"[0.3799826999893412, 0.3661111000110395, 0.374544300022535, 0.37370140000712126, 0.35742379998555407, 0.3474589000106789, 0.3724449999863282, 0.38186209998093545, 0.37673560000257567]"
2160p,Gray 16→10 shift,odin,0.93367734370986,1071.0338070608145,0.11256719518106915,1.8441026768903066,"[0.1208228999748826, 0.12298699998063967, 0.11296800000127405, 0.12106320000020787, 0.11951069999486208, 0.12171460001263767, 0.11908549995860085, 0.11426240002037957, 0.11231159995077178]"
2160p,Gray 16→10 shift,odin_baseline,2.2904765628481982,436.5903656121694,0.27614734795141277,1.99190941368351,"[0.30277299997396767, 0.2931810000445694, 0.30771100003039464, 0.2968297000043094, 0.2866003999952227, 0.2855693999445066, 0.2918294999981299, 0.2990208999835886, 0.29178619995946065]"
2160p,Gray 16→10 shift,fmtconv,1.0692734376789303,935.2144781326449,0.12891510388683092,0.6467592964851997,"[0.1580120000289753, 0.13686700002290308, 0.1385949999676086, 0.13598179997643456, 0.1401590000023134, 0.1361946000251919, 0.13639140001032501, 0.13764090003678575, 0.1272284999722615]"
2160p,YUV420 16→10 shift,odin,1.5919757815936464,628.150259295371,0.12795587236317246,4.142258343051644,"[0.193563400011044, 0.20377290004398674, 0.19100469996919855, 0.19677530002081767, 0.19054609996965155, 0.21221369999693707, 0.2043550999951549, 0.21379510004771873, 0.21027799998410046]"
2160p,YUV420 16→10 shift,odin_baseline,3.5365109374652093,282.7645715459738,0.28424888579163526,1.2740752977978849,"[0.4469060000265017, 0.4455663000117056, 0.4574556999723427, 0.45938350004144013, 0.4541634000488557, 0.45401790004689246, 0.4526733999955468, 0.43134479998843744, 0.4414936000248417]"
2160p,YUV420 16→10 shift,fmtconv,1.7687695312815777,565.3647817392248,0.1421657609376268,1.9129647307559443,"[0.224558399990201, 0.22640250000404194, 0.21436340000946075, 0.23065099999075755, 0.21200220001628622, 0.2228264000150375, 0.24285699997562915, 0.230733499978669, 0.23222679999889806]"
2160p,YUV444 16→12 shift,odin,3.5166703123650223,284.35989477998083,0.14132709267156243,3.3655104427727056,"[0.4286400999990292, 0.465283100027591, 0.45270179997896776, 0.4437851999537088, 0.5453021000139415, 0.4369797999970615, 0.45013379998272285, 0.4079245000029914, 0.5081883000093512]"
2160p,YUV444 16→12 shift,odin_baseline,7.1863742186906165,139.15223025808467,0.28880426226090766,3.634406217385493,"[0.9198558999923989, 0.8928803000017069, 0.9539388999692164, 0.9203654999728315, 0.9138373999739997, 0.969805600005202, 0.8805641000508331, 0.8864245999720879, 0.9880359999951907]"
2160p,YUV444 16→12 shift,fmtconv,3.730581250238174,268.0547434628736,0.14992369350558507,2.7080858668624765,"[0.5040936000295915, 0.4860054000164382, 0.4672222000081092, 0.5623276999685913, 0.49044590000994503, 0.46932059997925535, 0.45494979998329654, 0.45015089999651536, 0.4775144000304863]"
2160p,Gray 16→8 full,odin,1.1564578126126435,864.7094507847394,0.13942633736167095,4.06102688432919,"[0.16870949999429286, 0.1518493999610655, 0.1483136999886483, 0.14802660001441836, 0.13686470000538975, 0.14566380000906065, 0.15717630001017824, 0.1417459999793209, 0.1420151999918744]"
2160p,Gray 16→8 full,odin_baseline,3.2048546877376793,312.02662754918987,0.38638776617207743,2.3908309166021016,"[0.41022140003042296, 0.4197917999699712, 0.400041000044439, 0.43187239998951554, 0.4004136999719776, 0.4108694000169635, 0.41671419999329373, 0.39196360000642017, 0.3960685000056401]"
2160p,Gray 16→8 full,fmtconv,2.4037640628193913,416.0142068298888,0.2898056595798842,1.208098742339828,"[0.33534140000119805, 0.31178250000812113, 0.3060581000172533, 0.30574159999378026, 0.3076818000408821, 0.31132800003979355, 0.29599819995928556, 0.3113988999975845, 0.302354599989485]"
2160p,RGB 16→8 full,odin,3.4425031249156746,290.486301308585,0.13834647975001907,0.989083163501688,"[0.4642594000324607, 0.43282369995722547, 0.436840399983339, 0.44064039998920634, 0.43071190000046045, 0.4721997000160627, 0.4449986999970861, 0.4406938999891281, 0.4371927999891341]"
2160p,RGB 16→8 full,odin_baseline,9.427770312413486,106.06961846358372,0.37888094426816027,1.764476392010905,"[1.2345493999891914, 1.196877799986396, 1.185461699962616, 1.1812919999938458, 1.2206416999688372, 1.269880399981048, 1.2067545999889262, 1.2218706000130624, 1.1608002000139095]"
2160p,RGB 16→8 full,fmtconv,7.0383234378823545,142.07929044830504,0.28285443342827105,0.4999858981819065,"[0.9256792000378482, 0.9023798999842256, 0.8918581000179984, 0.897294900030829, 0.8982219999888912, 0.9009054000489414, 0.9110091000329703, 0.9054098000051454, 0.887465699983295]"
2160p,RGB 16→10 full,odin,3.9141304687291267,255.4845853987817,0.15730012493285134,4.3406631446658395,"[0.5010086999973282, 0.5183095000102185, 0.5097141999867745, 0.49433189997216687, 0.47926160000497475, 0.5321802999824286, 0.5355438000406139, 0.47842379997018725, 0.4718974000425078]"
2160p,RGB 16→10 full,odin_baseline,9.806656250020751,101.97155630879628,0.3941075203358391,3.74219678574787,"[1.2327320000040345, 1.3022259999997914, 1.3027431999798864, 1.2552520000026561, 1.1949087000102736, 1.3573548000422306, 1.3782438000198454, 1.2398503999575041, 1.2362280000234023]"
2160p,RGB 16→10 full,fmtconv,6.55771250012549,152.49219906802315,0.26353975775324273,1.6476424719463805,"[0.9226594000356272, 0.8393872000160627, 0.8497382000205107, 0.8448263999889605, 0.8216368000139482, 0.9057604999979958, 0.837855199992191, 0.8231219999724999, 0.8255571000045165]"
2160p,RGB 16→12 full,odin,3.742825781046122,267.17781123130436,0.15041577373674295,1.9000308150807743,"[0.4992506999988109, 0.4710428999969736, 0.4880103999748826, 0.5411745999590494, 0.49739420000696555, 0.4790816999739036, 0.47812270000576973, 0.4662856999784708, 0.4699790000449866]"
2160p,RGB 16→12 full,odin_baseline,9.684223437488981,103.26073189605069,0.3891872201922976,3.7547054245712173,"[1.2371791999903508, 1.2865631000022404, 1.2395805999985896, 1.3966973999631591, 1.3088176000164822, 1.1930379999685101, 1.198881699994672, 1.246571599971503, 1.1883712999988347]"
2160p,RGB 16→12 full,fmtconv,6.4680734376452165,154.60554207375583,0.2599373648745023,0.7829562918820491,"[0.85227610002039, 0.838458200043533, 0.8214311999618076, 0.9454158999724314, 0.8427840000367723, 0.8278145000222139, 0.8279134000185877, 0.821743999957107, 0.8216877999948338]"
